{
  "items": [
    {
      "item_id": "lab_door",
      "name": "Двері до лабораторії",
      "description": "Закрито. Схоже, потрібен код. Ці двері ніби раніше вели до лабораторії.",
      "type": "inspect",
      "is_completed": false,
      "repeatable": true,
      "required_items": [],
      "unlock_conditions": ["get_code false"],
      "progress_flag": "",
      "target_location": "",
      "target_time_period": ""
    },
    {
      "item_id": "lab_door",
      "name": "Двері до лабораторії",
      "description": "Двері відчинено. Тепер можна дізнатися, що всередині.",
      "type": "inspect",
      "is_completed": false,
      "repeatable": false,
      "required_items": ["LabCode"],
      "unlock_conditions": ["get_code true", "has_lab_access false"],
      "progress_flag": "has_lab_access",
      "target_location": "",
      "target_time_period": ""
    },
    {
      "item_id": "lab_door",
      "name": "Двері до лабораторії",
      "description": "",
      "type": "door",
      "is_completed": false,
      "repeatable": true,
      "required_items": [],
      "unlock_conditions": ["has_lab_access true"],
      "progress_flag": "",
      "target_location": "PresentLaboratory",
      "target_time_period": ""
    },
    {
      "item_id": "lab_door_past",
      "name": "Двері до лабораторії",
      "description": "Закрито. Напевно не варто туди поки йти.",
      "type": "inspect",
      "is_completed": false,
      "repeatable": true,
      "required_items": [],
      "unlock_conditions": [],
      "progress_flag": "",
      "target_location": "",
      "target_time_period": ""
    },
    {
      "item_id": "big_clock",
      "name": "Годинник",
      "description": "Ого, цей годинник і досі тікає.",
      "type": "inspect",
      "is_completed": false,
      "repeatable": true,
      "required_items": [],
      "unlock_conditions": [],
      "progress_flag": "",
      "target_location": "",
      "target_time_period": "",
      "inventory_image": ""
    },
    {
      "item_id": "big_clock_past",
      "name": "Годинник",
      "description": "Старовинний дерев’яний годинник із маятником. Тікає гучно, ще стежить за часом.",
      "type": "inspect",
      "is_completed": false,
      "repeatable": true,
      "required_items": [],
      "unlock_conditions": [],
      "progress_flag": "",
      "target_location": "",
      "target_time_period": ""
    },
    {
      "item_id": "key_holder",
      "name": "Ключниця",
      "description": "Є ключ, але навряд чи він зараз знадобиться. Запам’ятаю на всяк випадок.",
      "type": "inspect",
      "is_completed": false,
      "repeatable": true,
      "required_items": [],
      "unlock_conditions": ["learn_about_code false"],
      "progress_flag": "",
      "target_location": "",
      "target_time_period": ""
    },
    {
      "item_id": "key_holder",
      "name": "Ключниця",
      "description": "Сподіваюся цей ключ підійде до тієї шухлядки… Час дізнатися, що там усередині.",
      "type": "pickup",
      "is_completed": false,
      "repeatable": false,
      "required_items": [],
      "unlock_conditions": ["learn_about_code true", "find_key false"],
      "progress_flag": "find_key",
      "target_location": "",
      "target_time_period": "",
      "inventory_image": "DrawerKey"
    },
    {
      "item_id": "key_holder",
      "name": "Ключниця",
      "description": "Є ключ, але навряд чи він зараз знадобиться. Запам’ятаю на всяк випадок.",
      "type": "display",
      "is_completed": false,
      "repeatable": false,
      "required_items": [],
      "unlock_conditions": ["find_key false"],
      "progress_flag": "",
      "target_location": "",
      "target_time_period": ""
    },
    {
      "item_id": "empty_key_holder",
      "name": "Ключниця",
      "description": "Тепер на ключниці немає ключів.",
      "type": "display",
      "is_completed": false,
      "repeatable": false,
      "required_items": [],
      "unlock_conditions": ["find_key true"],
      "progress_flag": "",
      "target_location": "",
      "target_time_period": ""
    },
    {
      "item_id": "empty_key_holder",
      "name": "Ключниця",
      "description": "Тепер на ключниці немає ключів.",
      "type": "inspect",
      "is_completed": false,
      "repeatable": false,
      "required_items": [],
      "unlock_conditions": ["find_key true"],
      "progress_flag": "",
      "target_location": "",
      "target_time_period": ""
    },
    {
      "item_id": "empty_key_holder_past",
      "name": "Ключниця",
      "description": "Ключниця... але ключа немає. Цікаво, він мав би тут бути?",
      "type": "inspect",
      "is_completed": false,
      "repeatable": true,
      "required_items": [],
      "unlock_conditions": [],
      "progress_flag": "",
      "target_location": "",
      "target_time_period": ""
    },
    {
      "item_id": "library_door",
      "name": "Двері до бібліотеки",
      "description": "",
      "type": "door",
      "is_completed": false,
      "repeatable": true,
      "required_items": [],
      "unlock_conditions": [],
      "progress_flag": "",
      "target_location": "PresentLibrary",
      "target_time_period": ""
    },
    {
      "item_id": "library_door_past",
      "name": "Двері до бібліотеки",
      "description": "",
      "type": "door",
      "is_completed": false,
      "repeatable": true,
      "required_items": [],
      "unlock_conditions": [],
      "progress_flag": "",
      "target_location": "PastLibrary",
      "target_time_period": ""
    },
    {
      "item_id": "corridor_door",
      "name": "Двері в коридор",
      "description": "",
      "type": "door",
      "is_completed": false,
      "repeatable": true,
      "required_items": [],
      "unlock_conditions": [],
      "progress_flag": "",
      "target_location": "PresentCorridor",
      "target_time_period": ""
    },
    {
      "item_id": "corridor_door_past",
      "name": "Двері в коридор",
      "description": "",
      "type": "door",
      "is_completed": false,
      "repeatable": true,
      "required_items": [],
      "unlock_conditions": [],
      "progress_flag": "",
      "target_location": "PastCorridor",
      "target_time_period": ""
    },
    {
      "item_id": "bookshelf",
      "name": "Книжкові полиці",
      "description": "Багато полиць, але майже всі порожні. Дивно для такої бібліотеки…",
      "type": "inspect",
      "is_completed": false,
      "repeatable": true,
      "required_items": [],
      "unlock_conditions": [],
      "progress_flag": "",
      "target_location": "",
      "target_time_period": ""
    },
    {
      "item_id": "bookshelf_past",
      "name": "Книжкові полиці",
      "description": "Полиці щільно заставлені книгами, більшість з яких виглядають доволі старими.",
      "type": "inspect",
      "is_completed": false,
      "repeatable": true,
      "required_items": [],
      "unlock_conditions": [],
      "progress_flag": "",
      "target_location": "",
      "target_time_period": ""
    },
    {
      "item_id": "small_clock",
      "name": "Кишеньковий годинник",
      "description": "",
      "type": "door",
      "is_completed": false,
      "repeatable": false,
      "required_items": [],
      "unlock_conditions": [],
      "progress_flag": "found_time_device",
      "target_location": "ClockPuzzle",
      "target_time_period": ""
    },
    {
      "item_id": "small_clock",
      "name": "Кишеньковий годинник",
      "description": "",
      "type": "display",
      "is_completed": false,
      "repeatable": false,
      "required_items": [],
      "unlock_conditions": ["found_time_device false"],
      "progress_flag": "",
      "target_location": "",
      "target_time_period": ""
    },
    {
      "item_id": "writing_desk",
      "name": "Письмовий стіл",
      "description": "Письмовий стіл… і тут є шухлядка.",
      "type": "inspect",
      "is_completed": false,
      "repeatable": true,
      "required_items": [],
      "unlock_conditions": ["learn_about_code false"],
      "progress_flag": "",
      "target_location": "",
      "target_time_period": ""
    },
    {
      "item_id": "writing_desk",
      "name": "Письмовий стіл",
      "description": "Шухлядка зачинена. Схоже, без ключа її не відкрити.",
      "type": "inspect",
      "is_completed": false,
      "repeatable": true,
      "required_items": [],
      "unlock_conditions": ["learn_about_code true", "find_key false"],
      "progress_flag": "",
      "target_location": "",
      "target_time_period": ""
    },
    {
      "item_id": "writing_desk",
      "name": "Письмовий стіл",
      "description": "Порожньо… Якщо тут щось і було, то зараз цього вже немає. Можливо, варто пошукати в минулому?",
      "type": "pickup",
      "is_completed": false,
      "repeatable": false,
      "required_items": ["DrawerKey"],
      "unlock_conditions": ["find_key true", "open_drawer false"],
      "progress_flag": "open_drawer",
      "target_location": "",
      "target_time_period": "",
      "inventory_image": "DrawerKey"
    },
    {
      "item_id": "writing_desk",
      "name": "Письмовий стіл",
      "description": "Тепер я знаю, що тут порожньо.",
      "type": "inspect",
      "is_completed": false,
      "repeatable": true,
      "required_items": [],
      "unlock_conditions": ["open_drawer true"],
      "progress_flag": "",
      "target_location": "",
      "target_time_period": ""
    },
    {
      "item_id": "writing_desk_past",
      "name": "Письмовий стіл",
      "description": "Письмовий стіл… і тут є шухлядка.",
      "type": "inspect",
      "is_completed": false,
      "repeatable": true,
      "required_items": [],
      "unlock_conditions": ["learn_about_code false"],
      "progress_flag": "",
      "target_location": "",
      "target_time_period": ""
    },
    {
      "item_id": "writing_desk_past",
      "name": "Письмовий стіл",
      "description": "Шухлядка зачинена. Схоже, без ключа її не відкрити.",
      "type": "inspect",
      "is_completed": false,
      "repeatable": true,
      "required_items": [],
      "unlock_conditions": ["learn_about_code true", "find_key false"],
      "progress_flag": "",
      "target_location": "",
      "target_time_period": ""
    },
    {
      "item_id": "writing_desk_past",
      "name": "Письмовий стіл",
      "description": "О! Це схоже на комбінацію. Можливо, вона від того сейфа в каміні?",
      "type": "pickup",
      "is_completed": false,
      "repeatable": false,
      "required_items": ["DrawerKey"],
      "unlock_conditions": ["find_key true", "find_note false"],
      "progress_flag": "find_note",
      "target_location": "",
      "target_time_period": "",
      "inventory_image": "SafeCode"
    },
    {
      "item_id": "writing_desk_past",
      "name": "Письмовий стіл",
      "description": "Тепер тут порожньо.",
      "type": "inspect",
      "is_completed": false,
      "repeatable": true,
      "required_items": [],
      "unlock_conditions": ["find_note true"],
      "progress_flag": "",
      "target_location": "",
      "target_time_period": ""
    },
    {
      "item_id": "fireplace_past",
      "name": "Камін",
      "description": "Старовинний камін зі слідами кіптяви. З лівого боку ледве видно вмонтований сейф - дуже непримітний. Цікаво, що в ньому.",
      "type": "inspect",
      "is_completed": false,
      "repeatable": true,
      "required_items": [],
      "unlock_conditions": ["find_note false"],
      "progress_flag": "",
      "target_location": "",
      "target_time_period": ""
    },
    {
      "item_id": "fireplace_past",
      "name": "Камін",
      "description": "Щоденник Генрі! Варто повернути його йому.",
      "type": "pickup",
      "is_completed": false,
      "repeatable": false,
      "required_items": ["SafeCode"],
      "unlock_conditions": ["find_note true", "find_diary false"],
      "progress_flag": "find_diary",
      "target_location": "",
      "target_time_period": "",
      "inventory_image": "HenryDiary"
    },
    {
      "item_id": "fireplace_past",
      "name": "Камін",
      "description": "Старовинний камін зі слідами кіптяви.",
      "type": "inspect",
      "is_completed": false,
      "repeatable": true,
      "required_items": [],
      "unlock_conditions": ["find_diary true"],
      "progress_flag": "",
      "target_location": "",
      "target_time_period": ""
    },
    {
      "item_id": "lab_door_code",
      "name": "Код від лабораторії",
      "description": "Є! Схоже, я знайшов код до тих загадкових дверей у лабораторію.",
      "type": "pickup",
      "is_completed": false,
      "repeatable": false,
      "required_items": [],
      "unlock_conditions": [],
      "progress_flag": "get_code",
      "target_location": "",
      "target_time_period": "",
      "inventory_image": "LabCode"
    },
    {
      "item_id": "pocket_watch_past_cor",
      "name": "Кишеньковий годинник",
      "description": "",
      "type": "display",
      "is_completed": false,
      "repeatable": false,
      "required_items": [],
      "unlock_conditions": ["found_time_device true"],
      "target_location": "",
      "target_time_period": ""
    },
    {
      "item_id": "pocket_watch_past_cor",
      "name": "Кишеньковий годинник",
      "description": "",
      "type": "time_device",
      "is_completed": false,
      "repeatable": true,
      "required_items": [],
      "unlock_conditions": [],
      "target_location": "PastCorridor",
      "target_time_period": "past"
    },
    {
      "item_id": "pocket_watch_cor",
      "name": "Кишеньковий годинник",
      "description": "",
      "type": "display",
      "is_completed": false,
      "repeatable": false,
      "required_items": [],
      "unlock_conditions": ["found_time_device true"],
      "target_location": "",
      "target_time_period": ""
    },
    {
      "item_id": "pocket_watch_cor",
      "name": "Кишеньковий годинник",
      "description": "",
      "type": "time_device",
      "is_completed": false,
      "repeatable": true,
      "required_items": [],
      "unlock_conditions": [],
      "target_location": "PresentCorridor",
      "target_time_period": "present"
    },
    {
      "item_id": "pocket_watch_past_lib",
      "name": "Кишеньковий годинник",
      "description": "",
      "type": "display",
      "is_completed": false,
      "repeatable": false,
      "required_items": [],
      "unlock_conditions": ["found_time_device true"],
      "target_location": "",
      "target_time_period": ""
    },
    {
      "item_id": "pocket_watch_past_lib",
      "name": "Кишеньковий годинник",
      "description": "",
      "type": "time_device",
      "is_completed": false,
      "repeatable": true,
      "required_items": [],
      "unlock_conditions": [],
      "target_location": "PastLibrary",
      "target_time_period": "past"
    },
    {
      "item_id": "pocket_watch_lib",
      "name": "Кишеньковий годинник",
      "description": "",
      "type": "display",
      "is_completed": false,
      "repeatable": false,
      "required_items": [],
      "unlock_conditions": ["found_time_device true"],
      "target_location": "",
      "target_time_period": ""
    },
    {
      "item_id": "pocket_watch_lib",
      "name": "Кишеньковий годинник",
      "description": "",
      "type": "time_device",
      "is_completed": false,
      "repeatable": true,
      "required_items": [],
      "unlock_conditions": [],
      "target_location": "PresentLibrary",
      "target_time_period": "present"
    },
    {
      "item_id": "final_note",
      "name": "Записка",
      "description": "",
      "type": "door",
      "is_completed": false,
      "repeatable": true,
      "required_items": [],
      "unlock_conditions": [],
      "progress_flag": "",
      "target_location": "NoteScene",
      "target_time_period": ""
    },
    {
      "item_id": "henry_npc",
      "name": "Генрі",
      "description": "Помічник доктора Веллара",
      "type": "dialogue",
      "dialogue_id": "henry_intro",
      "is_completed": false,
      "repeatable": false,
      "required_items": [],
      "unlock_conditions": ["first_talked_Henry false", "find_diary false"],
      "progress_flag": "",
      "target_location": "",
      "target_time_period": ""
    },
    {
      "item_id": "henry_npc",
      "name": "Генрі",
      "description": "Помічник доктора Веллара",
      "type": "dialogue",
      "dialogue_id": "henry_main_options",
      "is_completed": false,
      "repeatable": false,
      "required_items": [],
      "unlock_conditions": ["first_talked_Henry true", "find_diary false"],
      "progress_flag": "",
      "target_location": "",
      "target_time_period": ""
    },
    {
      "item_id": "albert_npc",
      "name": "Дворецький",
      "description": "Дворецький Альберт",
      "type": "display",
      "is_completed": false,
      "repeatable": false,
      "required_items": [],
      "unlock_conditions": ["learn_about_diary true"],
      "progress_flag": "",
      "target_location": "",
      "target_time_period": ""
    },
    {
      "item_id": "albert_npc",
      "name": "Дворецький",
      "description": "Дворецький Альберт",
      "type": "dialogue",
      "dialogue_id": "albert_intro",
      "is_completed": false,
      "repeatable": false,
      "required_items": [],
      "unlock_conditions": ["learn_about_diary true", "talked_buttler false"],
      "progress_flag": "",
      "target_location": "",
      "target_time_period": ""
    },
    {
      "item_id": "albert_npc",
      "name": "Дворецький",
      "description": "Дворецький Альберт",
      "type": "dialogue",
      "dialogue_id": "albert_main_options",
      "is_completed": false,
      "repeatable": false,
      "required_items": [],
      "unlock_conditions": ["talked_buttler true"],
      "progress_flag": "",
      "target_location": "",
      "target_time_period": ""
    },
    {
      "item_id": "henry_npc",
      "name": "Генрі",
      "description": "Помічник доктора Веллара",
      "type": "dialogue",
      "dialogue_id": "henry_return_notebook",
      "is_completed": false,
      "repeatable": false,
      "required_items": ["HenryDiary"],
      "unlock_conditions": ["find_diary true"],
      "progress_flag": "get_code",
      "target_location": "",
      "target_time_period": ""
    }
  ]
}
